Model,AUC,ASS,ASS_std
Model_B,0.48859667146085883,-0.014322580645161231,0.021166687833365082
Model_A,0.4353982603931238,-0.0811397849462363,0.021166687833365082
